{"packs":[{"can_be_redownloaded":false,"name":"Faithful 64x64","uuid":"cd971434-d0dd-11e6-bf26-cec0c932ce01","version":[1,2,9]},{"can_be_redownloaded":false,"name":"Dragon Dance","uuid":"509f0d68-fdf5-11e6-bc64-92361f002671","version":[0,0,1]},{"can_be_redownloaded":false,"name":"Modern HD","uuid":"b8ee057a-ac61-11e7-abc4-cec278b6b50a","version":[0,0,1]},{"can_be_redownloaded":false,"name":"§l§6BlockPixel ResourcePack","uuid":"03c31e34-3626-11e8-b467-0ed5f89f718b","version":[0,0,1]},{"can_be_redownloaded":false,"name":"PixaGraph+16x16","uuid":"ff9f004c-4858-4547-8ff1-a3f30396d169","version":[0,0,3]}]}
